00c84f35-43e5-4fce-8af7-e4bce6ebcffb	image	https://images.spr.so/cdn-cgi/imagedelivery/j42No7y-dcokJuNgXeA0ig/00c84f35-43e5-4fce-8af7-e4bce6ebcffb/image/w=1920,quality=90,fit=scale-down
00e32d7e-3109-4e08-acfe-6874e5f3f798	4	https://images.spr.so/cdn-cgi/imagedelivery/j42No7y-dcokJuNgXeA0ig/00e32d7e-3109-4e08-acfe-6874e5f3f798/4/w=1920,quality=90,fit=scale-down
01a7e0bf-423e-4f7c-92ba-236aea36b152	image	https://images.spr.so/cdn-cgi/imagedelivery/j42No7y-dcokJuNgXeA0ig/01a7e0bf-423e-4f7c-92ba-236aea36b152/image/w=1920,quality=90,fit=scale-down
045bdd35-a411-4822-a464-b1e66cc0d8ae	image	https://images.spr.so/cdn-cgi/imagedelivery/j42No7y-dcokJuNgXeA0ig/045bdd35-a411-4822-a464-b1e66cc0d8ae/image/w=1920,quality=90,fit=scale-down
063de1d9-3561-4021-bf96-8b67a105fb04	image	https://images.spr.so/cdn-cgi/imagedelivery/j42No7y-dcokJuNgXeA0ig/063de1d9-3561-4021-bf96-8b67a105fb04/image/w=1920,quality=90,fit=scale-down
0672c412-2130-4c19-8103-2f3b278c79c5	image	https://images.spr.so/cdn-cgi/imagedelivery/j42No7y-dcokJuNgXeA0ig/0672c412-2130-4c19-8103-2f3b278c79c5/image/w=1920,quality=90,fit=scale-down
075329fb-08cf-4d6b-b853-fb21143d62ba	Slide_18	https://images.spr.so/cdn-cgi/imagedelivery/j42No7y-dcokJuNgXeA0ig/075329fb-08cf-4d6b-b853-fb21143d62ba/Slide_18/w=1920,quality=90,fit=scale-down
0811f151-9f73-4cda-9b03-3fd04c0238fe	image	https://images.spr.so/cdn-cgi/imagedelivery/j42No7y-dcokJuNgXeA0ig/0811f151-9f73-4cda-9b03-3fd04c0238fe/image/w=1920,quality=90,fit=scale-down
0dae39fd-1a30-442e-beeb-bf940dddcb5d	image	https://images.spr.so/cdn-cgi/imagedelivery/j42No7y-dcokJuNgXeA0ig/0dae39fd-1a30-442e-beeb-bf940dddcb5d/image/w=1920,quality=90,fit=scale-down
10997542-c4f4-4a3b-b694-7acee0fa8752	image	https://images.spr.so/cdn-cgi/imagedelivery/j42No7y-dcokJuNgXeA0ig/10997542-c4f4-4a3b-b694-7acee0fa8752/image/w=1920,quality=90,fit=scale-down
130fedb3-174b-4290-87f2-bc84bd865af9	image	https://images.spr.so/cdn-cgi/imagedelivery/j42No7y-dcokJuNgXeA0ig/130fedb3-174b-4290-87f2-bc84bd865af9/image/w=1920,quality=90,fit=scale-down
158e18b2-14fb-4d55-97e8-cfbb1bee8738	b8dc27df-7b44-44fe-acc8-3129146091ba	https://images.spr.so/cdn-cgi/imagedelivery/j42No7y-dcokJuNgXeA0ig/158e18b2-14fb-4d55-97e8-cfbb1bee8738/b8dc27df-7b44-44fe-acc8-3129146091ba/w=1920,quality=90,fit=scale-down
166be9d9-c8aa-4da9-943a-8de881891364	c0b6f2ea-49ba-4182-8e32-d5387a6efe3d	https://images.spr.so/cdn-cgi/imagedelivery/j42No7y-dcokJuNgXeA0ig/166be9d9-c8aa-4da9-943a-8de881891364/c0b6f2ea-49ba-4182-8e32-d5387a6efe3d/w=1920,quality=90,fit=scale-down
1817c715-d177-4712-bb2e-1362b4d4f9d5	Slide_18	https://images.spr.so/cdn-cgi/imagedelivery/j42No7y-dcokJuNgXeA0ig/1817c715-d177-4712-bb2e-1362b4d4f9d5/Slide_18/w=1920,quality=90,fit=scale-down
1b0681c1-4b8d-4768-8e2e-ece7e3e9bc0d	3	https://images.spr.so/cdn-cgi/imagedelivery/j42No7y-dcokJuNgXeA0ig/1b0681c1-4b8d-4768-8e2e-ece7e3e9bc0d/3/w=1920,quality=90,fit=scale-down
1b9562a7-4346-4121-85ff-24a7a42c5e8a	image	https://images.spr.so/cdn-cgi/imagedelivery/j42No7y-dcokJuNgXeA0ig/1b9562a7-4346-4121-85ff-24a7a42c5e8a/image/w=1920,quality=90,fit=scale-down
2055b744-90a8-45e5-afaf-f12a41232780	image	https://images.spr.so/cdn-cgi/imagedelivery/j42No7y-dcokJuNgXeA0ig/2055b744-90a8-45e5-afaf-f12a41232780/image/w=1920,quality=90,fit=scale-down
20fe073f-f117-4cb7-9759-dacc3ce176ba	image	https://images.spr.so/cdn-cgi/imagedelivery/j42No7y-dcokJuNgXeA0ig/20fe073f-f117-4cb7-9759-dacc3ce176ba/image/w=1920,quality=90,fit=scale-down
210437dd-29ed-4ec9-825b-f2a7ada5c307	image	https://images.spr.so/cdn-cgi/imagedelivery/j42No7y-dcokJuNgXeA0ig/210437dd-29ed-4ec9-825b-f2a7ada5c307/image/w=1920,quality=90,fit=scale-down
240469ba-6208-4edd-a21e-15da83165995	image	https://images.spr.so/cdn-cgi/imagedelivery/j42No7y-dcokJuNgXeA0ig/240469ba-6208-4edd-a21e-15da83165995/image/w=1920,quality=90,fit=scale-down
2850042c-5521-48ab-ad52-560de8a924ed	image	https://images.spr.so/cdn-cgi/imagedelivery/j42No7y-dcokJuNgXeA0ig/2850042c-5521-48ab-ad52-560de8a924ed/image/w=1920,quality=90,fit=scale-down
2da0dade-4db3-415c-85b3-b6cd299bbdf0	image	https://images.spr.so/cdn-cgi/imagedelivery/j42No7y-dcokJuNgXeA0ig/2da0dade-4db3-415c-85b3-b6cd299bbdf0/image/w=1920,quality=90,fit=scale-down
2dc0975b-e765-4d3e-b479-169052e87fa0	image	https://images.spr.so/cdn-cgi/imagedelivery/j42No7y-dcokJuNgXeA0ig/2dc0975b-e765-4d3e-b479-169052e87fa0/image/w=1920,quality=90,fit=scale-down
2de22abb-beca-4493-ba51-0dc248ee455c	image	https://images.spr.so/cdn-cgi/imagedelivery/j42No7y-dcokJuNgXeA0ig/2de22abb-beca-4493-ba51-0dc248ee455c/image/w=1920,quality=90,fit=scale-down
310f3a01-b45d-4ba4-8849-57a43e638953	image	https://images.spr.so/cdn-cgi/imagedelivery/j42No7y-dcokJuNgXeA0ig/310f3a01-b45d-4ba4-8849-57a43e638953/image/w=1920,quality=90,fit=scale-down
31733dbe-c59c-4799-8abb-d6ce23c095af	image	https://images.spr.so/cdn-cgi/imagedelivery/j42No7y-dcokJuNgXeA0ig/31733dbe-c59c-4799-8abb-d6ce23c095af/image/w=1920,quality=90,fit=scale-down
32852b30-83ff-4e07-b4f8-16d49cbff4dc	image	https://images.spr.so/cdn-cgi/imagedelivery/j42No7y-dcokJuNgXeA0ig/32852b30-83ff-4e07-b4f8-16d49cbff4dc/image/w=1920,quality=90,fit=scale-down
3418a071-b863-4c25-b92f-df396cf51376	Slide_18	https://images.spr.so/cdn-cgi/imagedelivery/j42No7y-dcokJuNgXeA0ig/3418a071-b863-4c25-b92f-df396cf51376/Slide_18/w=1920,quality=90,fit=scale-down
34896478-0a43-4d47-bd7d-fae0ff65d9b2	image	https://images.spr.so/cdn-cgi/imagedelivery/j42No7y-dcokJuNgXeA0ig/34896478-0a43-4d47-bd7d-fae0ff65d9b2/image/w=1920,quality=90,fit=scale-down
34a6bcf8-e2a7-449d-aae3-3162d7d240e4	image	https://images.spr.so/cdn-cgi/imagedelivery/j42No7y-dcokJuNgXeA0ig/34a6bcf8-e2a7-449d-aae3-3162d7d240e4/image/w=1920,quality=90,fit=scale-down
363b0983-b480-4a43-a8cd-2fb79ac52e06	image	https://images.spr.so/cdn-cgi/imagedelivery/j42No7y-dcokJuNgXeA0ig/363b0983-b480-4a43-a8cd-2fb79ac52e06/image/w=1920,quality=90,fit=scale-down
36fa537e-1a0d-42b2-bf5b-9f7193b5eb65	image	https://images.spr.so/cdn-cgi/imagedelivery/j42No7y-dcokJuNgXeA0ig/36fa537e-1a0d-42b2-bf5b-9f7193b5eb65/image/w=1920,quality=90,fit=scale-down
378a93d3-04c4-44c6-a3a9-c1d4b96e8f46	image	https://images.spr.so/cdn-cgi/imagedelivery/j42No7y-dcokJuNgXeA0ig/378a93d3-04c4-44c6-a3a9-c1d4b96e8f46/image/w=1920,quality=90,fit=scale-down
3e68e303-c8d8-477d-a80f-caaa133244f8	image	https://images.spr.so/cdn-cgi/imagedelivery/j42No7y-dcokJuNgXeA0ig/3e68e303-c8d8-477d-a80f-caaa133244f8/image/w=1920,quality=90,fit=scale-down
3ee457af-b543-426b-ad1f-ed572b7e2467	image	https://images.spr.so/cdn-cgi/imagedelivery/j42No7y-dcokJuNgXeA0ig/3ee457af-b543-426b-ad1f-ed572b7e2467/image/w=1920,quality=90,fit=scale-down
41a54f8a-919a-456a-8b91-ce5780b76266	image	https://images.spr.so/cdn-cgi/imagedelivery/j42No7y-dcokJuNgXeA0ig/41a54f8a-919a-456a-8b91-ce5780b76266/image/w=1920,quality=90,fit=scale-down
43b3188b-8924-4e59-bef8-421c37d3f6f6	image	https://images.spr.so/cdn-cgi/imagedelivery/j42No7y-dcokJuNgXeA0ig/43b3188b-8924-4e59-bef8-421c37d3f6f6/image/w=1920,quality=90,fit=scale-down
448d8199-5c35-4bf7-926d-ddc42ed263d8	image	https://images.spr.so/cdn-cgi/imagedelivery/j42No7y-dcokJuNgXeA0ig/448d8199-5c35-4bf7-926d-ddc42ed263d8/image/w=1920,quality=90,fit=scale-down
45110af2-2b75-40c7-831b-b0bd079ecee8	image	https://images.spr.so/cdn-cgi/imagedelivery/j42No7y-dcokJuNgXeA0ig/45110af2-2b75-40c7-831b-b0bd079ecee8/image/w=1920,quality=90,fit=scale-down
4882078c-b217-43b1-b334-31e4f7d82228	image	https://images.spr.so/cdn-cgi/imagedelivery/j42No7y-dcokJuNgXeA0ig/4882078c-b217-43b1-b334-31e4f7d82228/image/w=1920,quality=90,fit=scale-down
4cfc79a8-398d-4a79-a5f4-49ef7ce9901c	image	https://images.spr.so/cdn-cgi/imagedelivery/j42No7y-dcokJuNgXeA0ig/4cfc79a8-398d-4a79-a5f4-49ef7ce9901c/image/w=1920,quality=90,fit=scale-down
4d30be19-f81e-427f-b25c-29fe18747007	image	https://images.spr.so/cdn-cgi/imagedelivery/j42No7y-dcokJuNgXeA0ig/4d30be19-f81e-427f-b25c-29fe18747007/image/w=1920,quality=90,fit=scale-down
4ef2f13b-354a-4437-a8e8-514739a229bc	1	https://images.spr.so/cdn-cgi/imagedelivery/j42No7y-dcokJuNgXeA0ig/4ef2f13b-354a-4437-a8e8-514739a229bc/1/w=1920,quality=90,fit=scale-down
53bc6e80-87b0-42fd-a5a4-cb743d0cbafa	ProfilnaCVoriginal	https://images.spr.so/cdn-cgi/imagedelivery/j42No7y-dcokJuNgXeA0ig/53bc6e80-87b0-42fd-a5a4-cb743d0cbafa/ProfilnaCVoriginal/public
53f96aa6-cfb6-4ed1-bcd7-d901906e47d8	image	https://images.spr.so/cdn-cgi/imagedelivery/j42No7y-dcokJuNgXeA0ig/53f96aa6-cfb6-4ed1-bcd7-d901906e47d8/image/w=1920,quality=90,fit=scale-down
546a64b1-2837-4f81-9cbc-8ad4088d76f2	image	https://images.spr.so/cdn-cgi/imagedelivery/j42No7y-dcokJuNgXeA0ig/546a64b1-2837-4f81-9cbc-8ad4088d76f2/image/w=1920,quality=90,fit=scale-down
5a94bc80-e6ef-4a40-ab08-33b491048592	image	https://images.spr.so/cdn-cgi/imagedelivery/j42No7y-dcokJuNgXeA0ig/5a94bc80-e6ef-4a40-ab08-33b491048592/image/w=1920,quality=90,fit=scale-down
5ac992e4-93e4-4776-9194-6a3667732ef7	Donors__Projects_Guide	https://images.spr.so/cdn-cgi/imagedelivery/j42No7y-dcokJuNgXeA0ig/5ac992e4-93e4-4776-9194-6a3667732ef7/Donors__Projects_Guide/w=1920,quality=90,fit=scale-down
5bb867a7-87f4-41b9-9eac-39551e7d3bd7	image	https://images.spr.so/cdn-cgi/imagedelivery/j42No7y-dcokJuNgXeA0ig/5bb867a7-87f4-41b9-9eac-39551e7d3bd7/image/w=1920,quality=90,fit=scale-down
5e81d0af-9b5f-4579-8cb4-27595d7d44f8	image	https://images.spr.so/cdn-cgi/imagedelivery/j42No7y-dcokJuNgXeA0ig/5e81d0af-9b5f-4579-8cb4-27595d7d44f8/image/w=1920,quality=90,fit=scale-down
62455bdf-4c56-4398-9de3-7e980bb5ff50	image	https://images.spr.so/cdn-cgi/imagedelivery/j42No7y-dcokJuNgXeA0ig/62455bdf-4c56-4398-9de3-7e980bb5ff50/image/w=1920,quality=90,fit=scale-down
629c0e46-fd1d-4014-95b9-aecc61cce0d4	image	https://images.spr.so/cdn-cgi/imagedelivery/j42No7y-dcokJuNgXeA0ig/629c0e46-fd1d-4014-95b9-aecc61cce0d4/image/w=1920,quality=90,fit=scale-down
661a3980-ea17-4d95-afa4-91e0a936540d	image	https://images.spr.so/cdn-cgi/imagedelivery/j42No7y-dcokJuNgXeA0ig/661a3980-ea17-4d95-afa4-91e0a936540d/image/w=1920,quality=90,fit=scale-down
668cb7c9-cd9b-4f01-9f7b-ceea0d3f7c13	image	https://images.spr.so/cdn-cgi/imagedelivery/j42No7y-dcokJuNgXeA0ig/668cb7c9-cd9b-4f01-9f7b-ceea0d3f7c13/image/w=1920,quality=90,fit=scale-down
676575a6-6532-4122-94cb-507d417fa98e	image	https://images.spr.so/cdn-cgi/imagedelivery/j42No7y-dcokJuNgXeA0ig/676575a6-6532-4122-94cb-507d417fa98e/image/w=1920,quality=90,fit=scale-down
6bfb29cc-7a9d-40a9-ba60-eb7caa3853dc	image	https://images.spr.so/cdn-cgi/imagedelivery/j42No7y-dcokJuNgXeA0ig/6bfb29cc-7a9d-40a9-ba60-eb7caa3853dc/image/w=1920,quality=90,fit=scale-down
6c19851f-d6a9-465f-a1c3-d7b472353d78	cover	https://images.spr.so/cdn-cgi/imagedelivery/j42No7y-dcokJuNgXeA0ig/6c19851f-d6a9-465f-a1c3-d7b472353d78/cover/w=1920,quality=90,fit=scale-down
6e70af3a-c796-40ab-a43c-cf2edffbc488	image	https://images.spr.so/cdn-cgi/imagedelivery/j42No7y-dcokJuNgXeA0ig/6e70af3a-c796-40ab-a43c-cf2edffbc488/image/w=1920,quality=90,fit=scale-down
71bfc15a-4abe-4061-8615-19c28eef7ce0	image	https://images.spr.so/cdn-cgi/imagedelivery/j42No7y-dcokJuNgXeA0ig/71bfc15a-4abe-4061-8615-19c28eef7ce0/image/w=1920,quality=90,fit=scale-down
7565fa4c-c86d-4f38-8af5-57b967f4a62c	image	https://images.spr.so/cdn-cgi/imagedelivery/j42No7y-dcokJuNgXeA0ig/7565fa4c-c86d-4f38-8af5-57b967f4a62c/image/w=1920,quality=90,fit=scale-down
75b09a8c-c236-4d6a-b812-e4f56e068adf	image	https://images.spr.so/cdn-cgi/imagedelivery/j42No7y-dcokJuNgXeA0ig/75b09a8c-c236-4d6a-b812-e4f56e068adf/image/w=1920,quality=90,fit=scale-down
76295ac7-128f-4385-a519-9f854ea77ed0	image	https://images.spr.so/cdn-cgi/imagedelivery/j42No7y-dcokJuNgXeA0ig/76295ac7-128f-4385-a519-9f854ea77ed0/image/w=1920,quality=90,fit=scale-down
775a0df2-637b-4c90-87a2-6b7d0bf96d49	image	https://images.spr.so/cdn-cgi/imagedelivery/j42No7y-dcokJuNgXeA0ig/775a0df2-637b-4c90-87a2-6b7d0bf96d49/image/w=1920,quality=90,fit=scale-down
796e0b0a-9d90-4876-8a63-67a64399d90d	image	https://images.spr.so/cdn-cgi/imagedelivery/j42No7y-dcokJuNgXeA0ig/796e0b0a-9d90-4876-8a63-67a64399d90d/image/w=1920,quality=90,fit=scale-down
7a9480a2-f67c-4b71-8b37-809d7b77e5f9	image	https://images.spr.so/cdn-cgi/imagedelivery/j42No7y-dcokJuNgXeA0ig/7a9480a2-f67c-4b71-8b37-809d7b77e5f9/image/w=1920,quality=90,fit=scale-down
8164b20b-8a94-439e-936b-99df4b5cb7d0	image	https://images.spr.so/cdn-cgi/imagedelivery/j42No7y-dcokJuNgXeA0ig/8164b20b-8a94-439e-936b-99df4b5cb7d0/image/w=1920,quality=90,fit=scale-down
81fdadec-97cc-45c7-9431-165b17f74968	image	https://images.spr.so/cdn-cgi/imagedelivery/j42No7y-dcokJuNgXeA0ig/81fdadec-97cc-45c7-9431-165b17f74968/image/w=1920,quality=90,fit=scale-down
826d9af5-6d23-4b19-89b6-25e9eb971a87	image	https://images.spr.so/cdn-cgi/imagedelivery/j42No7y-dcokJuNgXeA0ig/826d9af5-6d23-4b19-89b6-25e9eb971a87/image/w=1920,quality=90,fit=scale-down
83bcaec6-ce8d-476f-94d8-524ad4332840	githubprofile	https://images.spr.so/cdn-cgi/imagedelivery/j42No7y-dcokJuNgXeA0ig/83bcaec6-ce8d-476f-94d8-524ad4332840/githubprofile/public
8674fbab-239a-4ce0-b71b-cd572083949c	image	https://images.spr.so/cdn-cgi/imagedelivery/j42No7y-dcokJuNgXeA0ig/8674fbab-239a-4ce0-b71b-cd572083949c/image/w=1920,quality=90,fit=scale-down
872edbcc-4265-4d85-874f-9656f39b76c6	image	https://images.spr.so/cdn-cgi/imagedelivery/j42No7y-dcokJuNgXeA0ig/872edbcc-4265-4d85-874f-9656f39b76c6/image/w=1920,quality=90,fit=scale-down
89ac8781-cff8-4e6c-98c5-139d46ab4db3	image	https://images.spr.so/cdn-cgi/imagedelivery/j42No7y-dcokJuNgXeA0ig/89ac8781-cff8-4e6c-98c5-139d46ab4db3/image/w=1920,quality=90,fit=scale-down
8ba86a0e-3148-4a31-a2ef-bab14eca01bc	image	https://images.spr.so/cdn-cgi/imagedelivery/j42No7y-dcokJuNgXeA0ig/8ba86a0e-3148-4a31-a2ef-bab14eca01bc/image/w=1920,quality=90,fit=scale-down
9035b9d7-8ccd-445f-8621-1edf87013430	Slide_18	https://images.spr.so/cdn-cgi/imagedelivery/j42No7y-dcokJuNgXeA0ig/9035b9d7-8ccd-445f-8621-1edf87013430/Slide_18/w=1920,quality=90,fit=scale-down
9659909f-5e91-4190-80ad-5c147776be32	image	https://images.spr.so/cdn-cgi/imagedelivery/j42No7y-dcokJuNgXeA0ig/9659909f-5e91-4190-80ad-5c147776be32/image/w=1920,quality=90,fit=scale-down
973941a2-0edd-4caf-96b7-a0956819387e	image	https://images.spr.so/cdn-cgi/imagedelivery/j42No7y-dcokJuNgXeA0ig/973941a2-0edd-4caf-96b7-a0956819387e/image/w=1920,quality=90,fit=scale-down
973cc382-4ac4-4c3d-b2d4-7ee75073c704	image	https://images.spr.so/cdn-cgi/imagedelivery/j42No7y-dcokJuNgXeA0ig/973cc382-4ac4-4c3d-b2d4-7ee75073c704/image/w=1920,quality=90,fit=scale-down
9bd05c3a-4dab-4326-b9ba-cfef3fea48a1	image	https://images.spr.so/cdn-cgi/imagedelivery/j42No7y-dcokJuNgXeA0ig/9bd05c3a-4dab-4326-b9ba-cfef3fea48a1/image/w=1920,quality=90,fit=scale-down
9ff7c6f9-0f6c-4af1-9aef-a4636aa456ee	image	https://images.spr.so/cdn-cgi/imagedelivery/j42No7y-dcokJuNgXeA0ig/9ff7c6f9-0f6c-4af1-9aef-a4636aa456ee/image/w=1920,quality=90,fit=scale-down
a25de42a-9d65-47ea-867e-ba243df62747	image	https://images.spr.so/cdn-cgi/imagedelivery/j42No7y-dcokJuNgXeA0ig/a25de42a-9d65-47ea-867e-ba243df62747/image/w=1920,quality=90,fit=scale-down
a6642675-202c-477a-9568-33bb82d31bcc	What_Is_Giveth__banner	https://images.spr.so/cdn-cgi/imagedelivery/j42No7y-dcokJuNgXeA0ig/a6642675-202c-477a-9568-33bb82d31bcc/What_Is_Giveth__banner/w=1920,quality=90,fit=scale-down
ac23a240-6775-483b-8ecc-f7253a614204	medium	https://images.spr.so/cdn-cgi/imagedelivery/j42No7y-dcokJuNgXeA0ig/ac23a240-6775-483b-8ecc-f7253a614204/medium/w=1920,quality=90,fit=scale-down
ac56ab87-90d3-41a7-abed-428e24e9fa7e	image	https://images.spr.so/cdn-cgi/imagedelivery/j42No7y-dcokJuNgXeA0ig/ac56ab87-90d3-41a7-abed-428e24e9fa7e/image/w=1920,quality=90,fit=scale-down
b19740fe-f25d-4ceb-83d9-6693219abe59	image	https://images.spr.so/cdn-cgi/imagedelivery/j42No7y-dcokJuNgXeA0ig/b19740fe-f25d-4ceb-83d9-6693219abe59/image/w=1920,quality=90,fit=scale-down
b564b87d-3f82-4803-a3c8-4af4942508c8	image	https://images.spr.so/cdn-cgi/imagedelivery/j42No7y-dcokJuNgXeA0ig/b564b87d-3f82-4803-a3c8-4af4942508c8/image/w=1920,quality=90,fit=scale-down
b5b832bf-8976-4f3e-a93c-12b77c387f47	image	https://images.spr.so/cdn-cgi/imagedelivery/j42No7y-dcokJuNgXeA0ig/b5b832bf-8976-4f3e-a93c-12b77c387f47/image/w=1920,quality=90,fit=scale-down
b90d9ba2-ca89-4ce7-8b35-f58016ff5de7	image	https://images.spr.so/cdn-cgi/imagedelivery/j42No7y-dcokJuNgXeA0ig/b90d9ba2-ca89-4ce7-8b35-f58016ff5de7/image/w=1920,quality=90,fit=scale-down
bdc46092-162d-4a20-a5db-433bc9e468d0	image	https://images.spr.so/cdn-cgi/imagedelivery/j42No7y-dcokJuNgXeA0ig/bdc46092-162d-4a20-a5db-433bc9e468d0/image/w=1920,quality=90,fit=scale-down
c1544036-9da2-4d8d-b04b-d43e2a078846	image	https://images.spr.so/cdn-cgi/imagedelivery/j42No7y-dcokJuNgXeA0ig/c1544036-9da2-4d8d-b04b-d43e2a078846/image/w=1920,quality=90,fit=scale-down
c2f0ae69-7d3b-4cf9-a46c-63cbd2fcda82	image	https://images.spr.so/cdn-cgi/imagedelivery/j42No7y-dcokJuNgXeA0ig/c2f0ae69-7d3b-4cf9-a46c-63cbd2fcda82/image/w=1920,quality=90,fit=scale-down
cc36c1bd-bc4d-4780-8e78-985b35e79286	image	https://images.spr.so/cdn-cgi/imagedelivery/j42No7y-dcokJuNgXeA0ig/cc36c1bd-bc4d-4780-8e78-985b35e79286/image/w=1920,quality=90,fit=scale-down
cf8fe1a8-080a-47f2-9644-78858427f1eb	image	https://images.spr.so/cdn-cgi/imagedelivery/j42No7y-dcokJuNgXeA0ig/cf8fe1a8-080a-47f2-9644-78858427f1eb/image/w=1920,quality=90,fit=scale-down
d059fb4d-7021-43aa-a102-00828a496dc6	image	https://images.spr.so/cdn-cgi/imagedelivery/j42No7y-dcokJuNgXeA0ig/d059fb4d-7021-43aa-a102-00828a496dc6/image/w=1920,quality=90,fit=scale-down
d4e664a9-7eac-4ed5-96e9-c5c95c3aa390	image	https://images.spr.so/cdn-cgi/imagedelivery/j42No7y-dcokJuNgXeA0ig/d4e664a9-7eac-4ed5-96e9-c5c95c3aa390/image/w=1920,quality=90,fit=scale-down
d570fdc4-4195-4345-bb37-fa3557d824b9	Slide_18	https://images.spr.so/cdn-cgi/imagedelivery/j42No7y-dcokJuNgXeA0ig/d570fdc4-4195-4345-bb37-fa3557d824b9/Slide_18/w=1920,quality=90,fit=scale-down
db5475c0-1473-4110-a47b-3b0d305ba773	image	https://images.spr.so/cdn-cgi/imagedelivery/j42No7y-dcokJuNgXeA0ig/db5475c0-1473-4110-a47b-3b0d305ba773/image/w=1920,quality=90,fit=scale-down
dd9ab8ec-3576-493a-a446-830485ad570a	image	https://images.spr.so/cdn-cgi/imagedelivery/j42No7y-dcokJuNgXeA0ig/dd9ab8ec-3576-493a-a446-830485ad570a/image/w=1920,quality=90,fit=scale-down
e187d004-5903-48e3-b9fa-eddabb9c26de	image	https://images.spr.so/cdn-cgi/imagedelivery/j42No7y-dcokJuNgXeA0ig/e187d004-5903-48e3-b9fa-eddabb9c26de/image/w=1920,quality=90,fit=scale-down
e2806b74-f9f4-4d0b-8182-b286293a1722	2	https://images.spr.so/cdn-cgi/imagedelivery/j42No7y-dcokJuNgXeA0ig/e2806b74-f9f4-4d0b-8182-b286293a1722/2/w=1920,quality=90,fit=scale-down
e31fb8ac-8cb3-4796-a096-aa91bba5e97d	image	https://images.spr.so/cdn-cgi/imagedelivery/j42No7y-dcokJuNgXeA0ig/e31fb8ac-8cb3-4796-a096-aa91bba5e97d/image/w=1920,quality=90,fit=scale-down
e77f077c-0124-4d9c-9873-ba162985246d	image	https://images.spr.so/cdn-cgi/imagedelivery/j42No7y-dcokJuNgXeA0ig/e77f077c-0124-4d9c-9873-ba162985246d/image/w=1920,quality=90,fit=scale-down
e998af81-7968-4fba-a82a-3cb2cae5d58e	image	https://images.spr.so/cdn-cgi/imagedelivery/j42No7y-dcokJuNgXeA0ig/e998af81-7968-4fba-a82a-3cb2cae5d58e/image/w=1920,quality=90,fit=scale-down
eaf82ff7-d91e-4422-9620-e9001527a117	W9WN7gy	https://images.spr.so/cdn-cgi/imagedelivery/j42No7y-dcokJuNgXeA0ig/eaf82ff7-d91e-4422-9620-e9001527a117/W9WN7gy/w=1920,quality=90,fit=scale-down
ee8c7fdc-0c13-44cf-ad1d-3d6e690a85db	image	https://images.spr.so/cdn-cgi/imagedelivery/j42No7y-dcokJuNgXeA0ig/ee8c7fdc-0c13-44cf-ad1d-3d6e690a85db/image/w=1920,quality=90,fit=scale-down
efc277ef-9086-48ca-986c-13e3cada3588	image	https://images.spr.so/cdn-cgi/imagedelivery/j42No7y-dcokJuNgXeA0ig/efc277ef-9086-48ca-986c-13e3cada3588/image/w=1920,quality=90,fit=scale-down
f059cde6-11ab-4212-96b1-432d21262aa9	The_GIVeconomy	https://images.spr.so/cdn-cgi/imagedelivery/j42No7y-dcokJuNgXeA0ig/f059cde6-11ab-4212-96b1-432d21262aa9/The_GIVeconomy/w=1920,quality=90,fit=scale-down
f4576e34-3f6c-4880-9db4-5f5e7ff3d6a0	image	https://images.spr.so/cdn-cgi/imagedelivery/j42No7y-dcokJuNgXeA0ig/f4576e34-3f6c-4880-9db4-5f5e7ff3d6a0/image/w=1920,quality=90,fit=scale-down
f60b2a23-c2a0-4d13-8218-73d3d3872f21	image	https://images.spr.so/cdn-cgi/imagedelivery/j42No7y-dcokJuNgXeA0ig/f60b2a23-c2a0-4d13-8218-73d3d3872f21/image/w=1920,quality=90,fit=scale-down
f90fe806-1011-45ca-85cb-6a83a8a15e93	image	https://images.spr.so/cdn-cgi/imagedelivery/j42No7y-dcokJuNgXeA0ig/f90fe806-1011-45ca-85cb-6a83a8a15e93/image/w=1920,quality=90,fit=scale-down
fd1df823-8541-49f4-b155-1ad3a20458d0	image	https://images.spr.so/cdn-cgi/imagedelivery/j42No7y-dcokJuNgXeA0ig/fd1df823-8541-49f4-b155-1ad3a20458d0/image/w=1920,quality=90,fit=scale-down
ffe08183-d7b0-42f7-a8ac-318cbbfeec19	image	https://images.spr.so/cdn-cgi/imagedelivery/j42No7y-dcokJuNgXeA0ig/ffe08183-d7b0-42f7-a8ac-318cbbfeec19/image/w=1920,quality=90,fit=scale-down